{
  "users": [],
  "withdraws": [],
  "games": [
    {
      "id": "game-1",
      "title": "Mini Game 1",
      "description": "Configurable mini-game",
      "route": "/games/game-1.html"
    },
    {
      "id": "game-2",
      "title": "Mini Game 2",
      "description": "Configurable mini-game",
      "route": "/games/game-2.html"
    },
    {
      "id": "game-3",
      "title": "Mini Game 3",
      "description": "Configurable mini-game",
      "route": "/games/game-3.html"
    },
    {
      "id": "game-4",
      "title": "Mini Game 4",
      "description": "Configurable mini-game",
      "route": "/games/game-4.html"
    },
    {
      "id": "game-5",
      "title": "Mini Game 5",
      "description": "Configurable mini-game",
      "route": "/games/game-5.html"
    },
    {
      "id": "game-6",
      "title": "Mini Game 6",
      "description": "Configurable mini-game",
      "route": "/games/game-6.html"
    },
    {
      "id": "game-7",
      "title": "Mini Game 7",
      "description": "Configurable mini-game",
      "route": "/games/game-7.html"
    },
    {
      "id": "game-8",
      "title": "Mini Game 8",
      "description": "Configurable mini-game",
      "route": "/games/game-8.html"
    },
    {
      "id": "game-9",
      "title": "Mini Game 9",
      "description": "Configurable mini-game",
      "route": "/games/game-9.html"
    },
    {
      "id": "game-10",
      "title": "Mini Game 10",
      "description": "Configurable mini-game",
      "route": "/games/game-10.html"
    },
    {
      "id": "game-11",
      "title": "Mini Game 11",
      "description": "Configurable mini-game",
      "route": "/games/game-11.html"
    },
    {
      "id": "game-12",
      "title": "Mini Game 12",
      "description": "Configurable mini-game",
      "route": "/games/game-12.html"
    },
    {
      "id": "game-13",
      "title": "Mini Game 13",
      "description": "Configurable mini-game",
      "route": "/games/game-13.html"
    },
    {
      "id": "game-14",
      "title": "Mini Game 14",
      "description": "Configurable mini-game",
      "route": "/games/game-14.html"
    },
    {
      "id": "game-15",
      "title": "Mini Game 15",
      "description": "Configurable mini-game",
      "route": "/games/game-15.html"
    },
    {
      "id": "game-16",
      "title": "Mini Game 16",
      "description": "Configurable mini-game",
      "route": "/games/game-16.html"
    },
    {
      "id": "game-17",
      "title": "Mini Game 17",
      "description": "Configurable mini-game",
      "route": "/games/game-17.html"
    },
    {
      "id": "game-18",
      "title": "Mini Game 18",
      "description": "Configurable mini-game",
      "route": "/games/game-18.html"
    },
    {
      "id": "game-19",
      "title": "Mini Game 19",
      "description": "Configurable mini-game",
      "route": "/games/game-19.html"
    },
    {
      "id": "game-20",
      "title": "Mini Game 20",
      "description": "Configurable mini-game",
      "route": "/games/game-20.html"
    },
    {
      "id": "game-21",
      "title": "Mini Game 21",
      "description": "Configurable mini-game",
      "route": "/games/game-21.html"
    },
    {
      "id": "game-22",
      "title": "Mini Game 22",
      "description": "Configurable mini-game",
      "route": "/games/game-22.html"
    },
    {
      "id": "game-23",
      "title": "Mini Game 23",
      "description": "Configurable mini-game",
      "route": "/games/game-23.html"
    },
    {
      "id": "game-24",
      "title": "Mini Game 24",
      "description": "Configurable mini-game",
      "route": "/games/game-24.html"
    },
    {
      "id": "game-25",
      "title": "Mini Game 25",
      "description": "Configurable mini-game",
      "route": "/games/game-25.html"
    },
    {
      "id": "game-26",
      "title": "Mini Game 26",
      "description": "Configurable mini-game",
      "route": "/games/game-26.html"
    },
    {
      "id": "game-27",
      "title": "Mini Game 27",
      "description": "Configurable mini-game",
      "route": "/games/game-27.html"
    },
    {
      "id": "game-28",
      "title": "Mini Game 28",
      "description": "Configurable mini-game",
      "route": "/games/game-28.html"
    },
    {
      "id": "game-29",
      "title": "Mini Game 29",
      "description": "Configurable mini-game",
      "route": "/games/game-29.html"
    },
    {
      "id": "game-30",
      "title": "Mini Game 30",
      "description": "Configurable mini-game",
      "route": "/games/game-30.html"
    },
    {
      "id": "game-31",
      "title": "Mini Game 31",
      "description": "Configurable mini-game",
      "route": "/games/game-31.html"
    },
    {
      "id": "game-32",
      "title": "Mini Game 32",
      "description": "Configurable mini-game",
      "route": "/games/game-32.html"
    },
    {
      "id": "game-33",
      "title": "Mini Game 33",
      "description": "Configurable mini-game",
      "route": "/games/game-33.html"
    },
    {
      "id": "game-34",
      "title": "Mini Game 34",
      "description": "Configurable mini-game",
      "route": "/games/game-34.html"
    },
    {
      "id": "game-35",
      "title": "Mini Game 35",
      "description": "Configurable mini-game",
      "route": "/games/game-35.html"
    },
    {
      "id": "game-36",
      "title": "Mini Game 36",
      "description": "Configurable mini-game",
      "route": "/games/game-36.html"
    },
    {
      "id": "game-37",
      "title": "Mini Game 37",
      "description": "Configurable mini-game",
      "route": "/games/game-37.html"
    },
    {
      "id": "game-38",
      "title": "Mini Game 38",
      "description": "Configurable mini-game",
      "route": "/games/game-38.html"
    },
    {
      "id": "game-39",
      "title": "Mini Game 39",
      "description": "Configurable mini-game",
      "route": "/games/game-39.html"
    },
    {
      "id": "game-40",
      "title": "Mini Game 40",
      "description": "Configurable mini-game",
      "route": "/games/game-40.html"
    },
    {
      "id": "game-41",
      "title": "Mini Game 41",
      "description": "Configurable mini-game",
      "route": "/games/game-41.html"
    },
    {
      "id": "game-42",
      "title": "Mini Game 42",
      "description": "Configurable mini-game",
      "route": "/games/game-42.html"
    },
    {
      "id": "game-43",
      "title": "Mini Game 43",
      "description": "Configurable mini-game",
      "route": "/games/game-43.html"
    },
    {
      "id": "game-44",
      "title": "Mini Game 44",
      "description": "Configurable mini-game",
      "route": "/games/game-44.html"
    },
    {
      "id": "game-45",
      "title": "Mini Game 45",
      "description": "Configurable mini-game",
      "route": "/games/game-45.html"
    },
    {
      "id": "game-46",
      "title": "Mini Game 46",
      "description": "Configurable mini-game",
      "route": "/games/game-46.html"
    },
    {
      "id": "game-47",
      "title": "Mini Game 47",
      "description": "Configurable mini-game",
      "route": "/games/game-47.html"
    },
    {
      "id": "game-48",
      "title": "Mini Game 48",
      "description": "Configurable mini-game",
      "route": "/games/game-48.html"
    },
    {
      "id": "game-49",
      "title": "Mini Game 49",
      "description": "Configurable mini-game",
      "route": "/games/game-49.html"
    },
    {
      "id": "game-50",
      "title": "Mini Game 50",
      "description": "Configurable mini-game",
      "route": "/games/game-50.html"
    },
    {
      "id": "game-51",
      "title": "Mini Game 51",
      "description": "Configurable mini-game",
      "route": "/games/game-51.html"
    },
    {
      "id": "game-52",
      "title": "Mini Game 52",
      "description": "Configurable mini-game",
      "route": "/games/game-52.html"
    },
    {
      "id": "game-53",
      "title": "Mini Game 53",
      "description": "Configurable mini-game",
      "route": "/games/game-53.html"
    },
    {
      "id": "game-54",
      "title": "Mini Game 54",
      "description": "Configurable mini-game",
      "route": "/games/game-54.html"
    },
    {
      "id": "game-55",
      "title": "Mini Game 55",
      "description": "Configurable mini-game",
      "route": "/games/game-55.html"
    },
    {
      "id": "game-56",
      "title": "Mini Game 56",
      "description": "Configurable mini-game",
      "route": "/games/game-56.html"
    },
    {
      "id": "game-57",
      "title": "Mini Game 57",
      "description": "Configurable mini-game",
      "route": "/games/game-57.html"
    },
    {
      "id": "game-58",
      "title": "Mini Game 58",
      "description": "Configurable mini-game",
      "route": "/games/game-58.html"
    },
    {
      "id": "game-59",
      "title": "Mini Game 59",
      "description": "Configurable mini-game",
      "route": "/games/game-59.html"
    },
    {
      "id": "game-60",
      "title": "Mini Game 60",
      "description": "Configurable mini-game",
      "route": "/games/game-60.html"
    },
    {
      "id": "game-61",
      "title": "Mini Game 61",
      "description": "Configurable mini-game",
      "route": "/games/game-61.html"
    },
    {
      "id": "game-62",
      "title": "Mini Game 62",
      "description": "Configurable mini-game",
      "route": "/games/game-62.html"
    },
    {
      "id": "game-63",
      "title": "Mini Game 63",
      "description": "Configurable mini-game",
      "route": "/games/game-63.html"
    },
    {
      "id": "game-64",
      "title": "Mini Game 64",
      "description": "Configurable mini-game",
      "route": "/games/game-64.html"
    },
    {
      "id": "game-65",
      "title": "Mini Game 65",
      "description": "Configurable mini-game",
      "route": "/games/game-65.html"
    },
    {
      "id": "game-66",
      "title": "Mini Game 66",
      "description": "Configurable mini-game",
      "route": "/games/game-66.html"
    },
    {
      "id": "game-67",
      "title": "Mini Game 67",
      "description": "Configurable mini-game",
      "route": "/games/game-67.html"
    },
    {
      "id": "game-68",
      "title": "Mini Game 68",
      "description": "Configurable mini-game",
      "route": "/games/game-68.html"
    },
    {
      "id": "game-69",
      "title": "Mini Game 69",
      "description": "Configurable mini-game",
      "route": "/games/game-69.html"
    },
    {
      "id": "game-70",
      "title": "Mini Game 70",
      "description": "Configurable mini-game",
      "route": "/games/game-70.html"
    },
    {
      "id": "game-71",
      "title": "Mini Game 71",
      "description": "Configurable mini-game",
      "route": "/games/game-71.html"
    },
    {
      "id": "game-72",
      "title": "Mini Game 72",
      "description": "Configurable mini-game",
      "route": "/games/game-72.html"
    },
    {
      "id": "game-73",
      "title": "Mini Game 73",
      "description": "Configurable mini-game",
      "route": "/games/game-73.html"
    },
    {
      "id": "game-74",
      "title": "Mini Game 74",
      "description": "Configurable mini-game",
      "route": "/games/game-74.html"
    },
    {
      "id": "game-75",
      "title": "Mini Game 75",
      "description": "Configurable mini-game",
      "route": "/games/game-75.html"
    },
    {
      "id": "game-76",
      "title": "Mini Game 76",
      "description": "Configurable mini-game",
      "route": "/games/game-76.html"
    },
    {
      "id": "game-77",
      "title": "Mini Game 77",
      "description": "Configurable mini-game",
      "route": "/games/game-77.html"
    },
    {
      "id": "game-78",
      "title": "Mini Game 78",
      "description": "Configurable mini-game",
      "route": "/games/game-78.html"
    },
    {
      "id": "game-79",
      "title": "Mini Game 79",
      "description": "Configurable mini-game",
      "route": "/games/game-79.html"
    },
    {
      "id": "game-80",
      "title": "Mini Game 80",
      "description": "Configurable mini-game",
      "route": "/games/game-80.html"
    },
    {
      "id": "game-81",
      "title": "Mini Game 81",
      "description": "Configurable mini-game",
      "route": "/games/game-81.html"
    },
    {
      "id": "game-82",
      "title": "Mini Game 82",
      "description": "Configurable mini-game",
      "route": "/games/game-82.html"
    },
    {
      "id": "game-83",
      "title": "Mini Game 83",
      "description": "Configurable mini-game",
      "route": "/games/game-83.html"
    },
    {
      "id": "game-84",
      "title": "Mini Game 84",
      "description": "Configurable mini-game",
      "route": "/games/game-84.html"
    },
    {
      "id": "game-85",
      "title": "Mini Game 85",
      "description": "Configurable mini-game",
      "route": "/games/game-85.html"
    },
    {
      "id": "game-86",
      "title": "Mini Game 86",
      "description": "Configurable mini-game",
      "route": "/games/game-86.html"
    },
    {
      "id": "game-87",
      "title": "Mini Game 87",
      "description": "Configurable mini-game",
      "route": "/games/game-87.html"
    },
    {
      "id": "game-88",
      "title": "Mini Game 88",
      "description": "Configurable mini-game",
      "route": "/games/game-88.html"
    },
    {
      "id": "game-89",
      "title": "Mini Game 89",
      "description": "Configurable mini-game",
      "route": "/games/game-89.html"
    },
    {
      "id": "game-90",
      "title": "Mini Game 90",
      "description": "Configurable mini-game",
      "route": "/games/game-90.html"
    },
    {
      "id": "game-91",
      "title": "Mini Game 91",
      "description": "Configurable mini-game",
      "route": "/games/game-91.html"
    },
    {
      "id": "game-92",
      "title": "Mini Game 92",
      "description": "Configurable mini-game",
      "route": "/games/game-92.html"
    },
    {
      "id": "game-93",
      "title": "Mini Game 93",
      "description": "Configurable mini-game",
      "route": "/games/game-93.html"
    },
    {
      "id": "game-94",
      "title": "Mini Game 94",
      "description": "Configurable mini-game",
      "route": "/games/game-94.html"
    },
    {
      "id": "game-95",
      "title": "Mini Game 95",
      "description": "Configurable mini-game",
      "route": "/games/game-95.html"
    },
    {
      "id": "game-96",
      "title": "Mini Game 96",
      "description": "Configurable mini-game",
      "route": "/games/game-96.html"
    },
    {
      "id": "game-97",
      "title": "Mini Game 97",
      "description": "Configurable mini-game",
      "route": "/games/game-97.html"
    },
    {
      "id": "game-98",
      "title": "Mini Game 98",
      "description": "Configurable mini-game",
      "route": "/games/game-98.html"
    },
    {
      "id": "game-99",
      "title": "Mini Game 99",
      "description": "Configurable mini-game",
      "route": "/games/game-99.html"
    },
    {
      "id": "game-100",
      "title": "Mini Game 100",
      "description": "Configurable mini-game",
      "route": "/games/game-100.html"
    }
  ],
  "seedDone": false,
  "gameConfigs": {
    "game-1": {
      "gameId": "game-1",
      "cost": 5,
      "feePercent": 5,
      "payoutMultipliers": [
        0,
        0.2,
        0.5,
        1,
        2
      ],
      "odds": [
        0.6,
        0.2,
        0.12,
        0.06,
        0.02
      ],
      "enabled": true
    },
    "game-2": {
      "gameId": "game-2",
      "cost": 10,
      "feePercent": 5,
      "payoutMultipliers": [
        0,
        0.2,
        0.5,
        1,
        2
      ],
      "odds": [
        0.6,
        0.2,
        0.12,
        0.06,
        0.02
      ],
      "enabled": true
    },
    "game-3": {
      "gameId": "game-3",
      "cost": 50,
      "feePercent": 5,
      "payoutMultipliers": [
        0,
        0.2,
        0.5,
        1,
        2
      ],
      "odds": [
        0.6,
        0.2,
        0.12,
        0.06,
        0.02
      ],
      "enabled": true
    },
    "game-4": {
      "gameId": "game-4",
      "cost": 20,
      "feePercent": 5,
      "payoutMultipliers": [
        0,
        0.2,
        0.5,
        1,
        2
      ],
      "odds": [
        0.6,
        0.2,
        0.12,
        0.06,
        0.02
      ],
      "enabled": true
    },
    "game-5": {
      "gameId": "game-5",
      "cost": 50,
      "feePercent": 5,
      "payoutMultipliers": [
        0,
        0.2,
        0.5,
        1,
        2
      ],
      "odds": [
        0.6,
        0.2,
        0.12,
        0.06,
        0.02
      ],
      "enabled": true
    },
    "game-6": {
      "gameId": "game-6",
      "cost": 5,
      "feePercent": 5,
      "payoutMultipliers": [
        0,
        0.2,
        0.5,
        1,
        2
      ],
      "odds": [
        0.6,
        0.2,
        0.12,
        0.06,
        0.02
      ],
      "enabled": true
    },
    "game-7": {
      "gameId": "game-7",
      "cost": 25,
      "feePercent": 5,
      "payoutMultipliers": [
        0,
        0.2,
        0.5,
        1,
        2
      ],
      "odds": [
        0.6,
        0.2,
        0.12,
        0.06,
        0.02
      ],
      "enabled": true
    },
    "game-8": {
      "gameId": "game-8",
      "cost": 50,
      "feePercent": 5,
      "payoutMultipliers": [
        0,
        0.2,
        0.5,
        1,
        2
      ],
      "odds": [
        0.6,
        0.2,
        0.12,
        0.06,
        0.02
      ],
      "enabled": true
    },
    "game-9": {
      "gameId": "game-9",
      "cost": 5,
      "feePercent": 5,
      "payoutMultipliers": [
        0,
        0.2,
        0.5,
        1,
        2
      ],
      "odds": [
        0.6,
        0.2,
        0.12,
        0.06,
        0.02
      ],
      "enabled": true
    },
    "game-10": {
      "gameId": "game-10",
      "cost": 20,
      "feePercent": 5,
      "payoutMultipliers": [
        0,
        0.2,
        0.5,
        1,
        2
      ],
      "odds": [
        0.6,
        0.2,
        0.12,
        0.06,
        0.02
      ],
      "enabled": true
    },
    "game-11": {
      "gameId": "game-11",
      "cost": 10,
      "feePercent": 5,
      "payoutMultipliers": [
        0,
        0.2,
        0.5,
        1,
        2
      ],
      "odds": [
        0.6,
        0.2,
        0.12,
        0.06,
        0.02
      ],
      "enabled": true
    },
    "game-12": {
      "gameId": "game-12",
      "cost": 5,
      "feePercent": 5,
      "payoutMultipliers": [
        0,
        0.2,
        0.5,
        1,
        2
      ],
      "odds": [
        0.6,
        0.2,
        0.12,
        0.06,
        0.02
      ],
      "enabled": true
    },
    "game-13": {
      "gameId": "game-13",
      "cost": 10,
      "feePercent": 5,
      "payoutMultipliers": [
        0,
        0.2,
        0.5,
        1,
        2
      ],
      "odds": [
        0.6,
        0.2,
        0.12,
        0.06,
        0.02
      ],
      "enabled": true
    },
    "game-14": {
      "gameId": "game-14",
      "cost": 20,
      "feePercent": 5,
      "payoutMultipliers": [
        0,
        0.2,
        0.5,
        1,
        2
      ],
      "odds": [
        0.6,
        0.2,
        0.12,
        0.06,
        0.02
      ],
      "enabled": true
    },
    "game-15": {
      "gameId": "game-15",
      "cost": 50,
      "feePercent": 5,
      "payoutMultipliers": [
        0,
        0.2,
        0.5,
        1,
        2
      ],
      "odds": [
        0.6,
        0.2,
        0.12,
        0.06,
        0.02
      ],
      "enabled": true
    },
    "game-16": {
      "gameId": "game-16",
      "cost": 25,
      "feePercent": 5,
      "payoutMultipliers": [
        0,
        0.2,
        0.5,
        1,
        2
      ],
      "odds": [
        0.6,
        0.2,
        0.12,
        0.06,
        0.02
      ],
      "enabled": true
    },
    "game-17": {
      "gameId": "game-17",
      "cost": 5,
      "feePercent": 5,
      "payoutMultipliers": [
        0,
        0.2,
        0.5,
        1,
        2
      ],
      "odds": [
        0.6,
        0.2,
        0.12,
        0.06,
        0.02
      ],
      "enabled": true
    },
    "game-18": {
      "gameId": "game-18",
      "cost": 10,
      "feePercent": 5,
      "payoutMultipliers": [
        0,
        0.2,
        0.5,
        1,
        2
      ],
      "odds": [
        0.6,
        0.2,
        0.12,
        0.06,
        0.02
      ],
      "enabled": true
    },
    "game-19": {
      "gameId": "game-19",
      "cost": 10,
      "feePercent": 5,
      "payoutMultipliers": [
        0,
        0.2,
        0.5,
        1,
        2
      ],
      "odds": [
        0.6,
        0.2,
        0.12,
        0.06,
        0.02
      ],
      "enabled": true
    },
    "game-20": {
      "gameId": "game-20",
      "cost": 50,
      "feePercent": 5,
      "payoutMultipliers": [
        0,
        0.2,
        0.5,
        1,
        2
      ],
      "odds": [
        0.6,
        0.2,
        0.12,
        0.06,
        0.02
      ],
      "enabled": true
    },
    "game-21": {
      "gameId": "game-21",
      "cost": 10,
      "feePercent": 5,
      "payoutMultipliers": [
        0,
        0.2,
        0.5,
        1,
        2
      ],
      "odds": [
        0.6,
        0.2,
        0.12,
        0.06,
        0.02
      ],
      "enabled": true
    },
    "game-22": {
      "gameId": "game-22",
      "cost": 10,
      "feePercent": 5,
      "payoutMultipliers": [
        0,
        0.2,
        0.5,
        1,
        2
      ],
      "odds": [
        0.6,
        0.2,
        0.12,
        0.06,
        0.02
      ],
      "enabled": true
    },
    "game-23": {
      "gameId": "game-23",
      "cost": 5,
      "feePercent": 5,
      "payoutMultipliers": [
        0,
        0.2,
        0.5,
        1,
        2
      ],
      "odds": [
        0.6,
        0.2,
        0.12,
        0.06,
        0.02
      ],
      "enabled": true
    },
    "game-24": {
      "gameId": "game-24",
      "cost": 25,
      "feePercent": 5,
      "payoutMultipliers": [
        0,
        0.2,
        0.5,
        1,
        2
      ],
      "odds": [
        0.6,
        0.2,
        0.12,
        0.06,
        0.02
      ],
      "enabled": true
    },
    "game-25": {
      "gameId": "game-25",
      "cost": 25,
      "feePercent": 5,
      "payoutMultipliers": [
        0,
        0.2,
        0.5,
        1,
        2
      ],
      "odds": [
        0.6,
        0.2,
        0.12,
        0.06,
        0.02
      ],
      "enabled": true
    },
    "game-26": {
      "gameId": "game-26",
      "cost": 5,
      "feePercent": 5,
      "payoutMultipliers": [
        0,
        0.2,
        0.5,
        1,
        2
      ],
      "odds": [
        0.6,
        0.2,
        0.12,
        0.06,
        0.02
      ],
      "enabled": true
    },
    "game-27": {
      "gameId": "game-27",
      "cost": 5,
      "feePercent": 5,
      "payoutMultipliers": [
        0,
        0.2,
        0.5,
        1,
        2
      ],
      "odds": [
        0.6,
        0.2,
        0.12,
        0.06,
        0.02
      ],
      "enabled": true
    },
    "game-28": {
      "gameId": "game-28",
      "cost": 10,
      "feePercent": 5,
      "payoutMultipliers": [
        0,
        0.2,
        0.5,
        1,
        2
      ],
      "odds": [
        0.6,
        0.2,
        0.12,
        0.06,
        0.02
      ],
      "enabled": true
    },
    "game-29": {
      "gameId": "game-29",
      "cost": 5,
      "feePercent": 5,
      "payoutMultipliers": [
        0,
        0.2,
        0.5,
        1,
        2
      ],
      "odds": [
        0.6,
        0.2,
        0.12,
        0.06,
        0.02
      ],
      "enabled": true
    },
    "game-30": {
      "gameId": "game-30",
      "cost": 25,
      "feePercent": 5,
      "payoutMultipliers": [
        0,
        0.2,
        0.5,
        1,
        2
      ],
      "odds": [
        0.6,
        0.2,
        0.12,
        0.06,
        0.02
      ],
      "enabled": true
    },
    "game-31": {
      "gameId": "game-31",
      "cost": 25,
      "feePercent": 5,
      "payoutMultipliers": [
        0,
        0.2,
        0.5,
        1,
        2
      ],
      "odds": [
        0.6,
        0.2,
        0.12,
        0.06,
        0.02
      ],
      "enabled": true
    },
    "game-32": {
      "gameId": "game-32",
      "cost": 5,
      "feePercent": 5,
      "payoutMultipliers": [
        0,
        0.2,
        0.5,
        1,
        2
      ],
      "odds": [
        0.6,
        0.2,
        0.12,
        0.06,
        0.02
      ],
      "enabled": true
    },
    "game-33": {
      "gameId": "game-33",
      "cost": 5,
      "feePercent": 5,
      "payoutMultipliers": [
        0,
        0.2,
        0.5,
        1,
        2
      ],
      "odds": [
        0.6,
        0.2,
        0.12,
        0.06,
        0.02
      ],
      "enabled": true
    },
    "game-34": {
      "gameId": "game-34",
      "cost": 50,
      "feePercent": 5,
      "payoutMultipliers": [
        0,
        0.2,
        0.5,
        1,
        2
      ],
      "odds": [
        0.6,
        0.2,
        0.12,
        0.06,
        0.02
      ],
      "enabled": true
    },
    "game-35": {
      "gameId": "game-35",
      "cost": 10,
      "feePercent": 5,
      "payoutMultipliers": [
        0,
        0.2,
        0.5,
        1,
        2
      ],
      "odds": [
        0.6,
        0.2,
        0.12,
        0.06,
        0.02
      ],
      "enabled": true
    },
    "game-36": {
      "gameId": "game-36",
      "cost": 10,
      "feePercent": 5,
      "payoutMultipliers": [
        0,
        0.2,
        0.5,
        1,
        2
      ],
      "odds": [
        0.6,
        0.2,
        0.12,
        0.06,
        0.02
      ],
      "enabled": true
    },
    "game-37": {
      "gameId": "game-37",
      "cost": 20,
      "feePercent": 5,
      "payoutMultipliers": [
        0,
        0.2,
        0.5,
        1,
        2
      ],
      "odds": [
        0.6,
        0.2,
        0.12,
        0.06,
        0.02
      ],
      "enabled": true
    },
    "game-38": {
      "gameId": "game-38",
      "cost": 25,
      "feePercent": 5,
      "payoutMultipliers": [
        0,
        0.2,
        0.5,
        1,
        2
      ],
      "odds": [
        0.6,
        0.2,
        0.12,
        0.06,
        0.02
      ],
      "enabled": true
    },
    "game-39": {
      "gameId": "game-39",
      "cost": 50,
      "feePercent": 5,
      "payoutMultipliers": [
        0,
        0.2,
        0.5,
        1,
        2
      ],
      "odds": [
        0.6,
        0.2,
        0.12,
        0.06,
        0.02
      ],
      "enabled": true
    },
    "game-40": {
      "gameId": "game-40",
      "cost": 25,
      "feePercent": 5,
      "payoutMultipliers": [
        0,
        0.2,
        0.5,
        1,
        2
      ],
      "odds": [
        0.6,
        0.2,
        0.12,
        0.06,
        0.02
      ],
      "enabled": true
    },
    "game-41": {
      "gameId": "game-41",
      "cost": 10,
      "feePercent": 5,
      "payoutMultipliers": [
        0,
        0.2,
        0.5,
        1,
        2
      ],
      "odds": [
        0.6,
        0.2,
        0.12,
        0.06,
        0.02
      ],
      "enabled": true
    },
    "game-42": {
      "gameId": "game-42",
      "cost": 5,
      "feePercent": 5,
      "payoutMultipliers": [
        0,
        0.2,
        0.5,
        1,
        2
      ],
      "odds": [
        0.6,
        0.2,
        0.12,
        0.06,
        0.02
      ],
      "enabled": true
    },
    "game-43": {
      "gameId": "game-43",
      "cost": 20,
      "feePercent": 5,
      "payoutMultipliers": [
        0,
        0.2,
        0.5,
        1,
        2
      ],
      "odds": [
        0.6,
        0.2,
        0.12,
        0.06,
        0.02
      ],
      "enabled": true
    },
    "game-44": {
      "gameId": "game-44",
      "cost": 25,
      "feePercent": 5,
      "payoutMultipliers": [
        0,
        0.2,
        0.5,
        1,
        2
      ],
      "odds": [
        0.6,
        0.2,
        0.12,
        0.06,
        0.02
      ],
      "enabled": true
    },
    "game-45": {
      "gameId": "game-45",
      "cost": 20,
      "feePercent": 5,
      "payoutMultipliers": [
        0,
        0.2,
        0.5,
        1,
        2
      ],
      "odds": [
        0.6,
        0.2,
        0.12,
        0.06,
        0.02
      ],
      "enabled": true
    },
    "game-46": {
      "gameId": "game-46",
      "cost": 50,
      "feePercent": 5,
      "payoutMultipliers": [
        0,
        0.2,
        0.5,
        1,
        2
      ],
      "odds": [
        0.6,
        0.2,
        0.12,
        0.06,
        0.02
      ],
      "enabled": true
    },
    "game-47": {
      "gameId": "game-47",
      "cost": 10,
      "feePercent": 5,
      "payoutMultipliers": [
        0,
        0.2,
        0.5,
        1,
        2
      ],
      "odds": [
        0.6,
        0.2,
        0.12,
        0.06,
        0.02
      ],
      "enabled": true
    },
    "game-48": {
      "gameId": "game-48",
      "cost": 20,
      "feePercent": 5,
      "payoutMultipliers": [
        0,
        0.2,
        0.5,
        1,
        2
      ],
      "odds": [
        0.6,
        0.2,
        0.12,
        0.06,
        0.02
      ],
      "enabled": true
    },
    "game-49": {
      "gameId": "game-49",
      "cost": 25,
      "feePercent": 5,
      "payoutMultipliers": [
        0,
        0.2,
        0.5,
        1,
        2
      ],
      "odds": [
        0.6,
        0.2,
        0.12,
        0.06,
        0.02
      ],
      "enabled": true
    },
    "game-50": {
      "gameId": "game-50",
      "cost": 20,
      "feePercent": 5,
      "payoutMultipliers": [
        0,
        0.2,
        0.5,
        1,
        2
      ],
      "odds": [
        0.6,
        0.2,
        0.12,
        0.06,
        0.02
      ],
      "enabled": true
    },
    "game-51": {
      "gameId": "game-51",
      "cost": 10,
      "feePercent": 5,
      "payoutMultipliers": [
        0,
        0.2,
        0.5,
        1,
        2
      ],
      "odds": [
        0.6,
        0.2,
        0.12,
        0.06,
        0.02
      ],
      "enabled": true
    },
    "game-52": {
      "gameId": "game-52",
      "cost": 50,
      "feePercent": 5,
      "payoutMultipliers": [
        0,
        0.2,
        0.5,
        1,
        2
      ],
      "odds": [
        0.6,
        0.2,
        0.12,
        0.06,
        0.02
      ],
      "enabled": true
    },
    "game-53": {
      "gameId": "game-53",
      "cost": 10,
      "feePercent": 5,
      "payoutMultipliers": [
        0,
        0.2,
        0.5,
        1,
        2
      ],
      "odds": [
        0.6,
        0.2,
        0.12,
        0.06,
        0.02
      ],
      "enabled": true
    },
    "game-54": {
      "gameId": "game-54",
      "cost": 10,
      "feePercent": 5,
      "payoutMultipliers": [
        0,
        0.2,
        0.5,
        1,
        2
      ],
      "odds": [
        0.6,
        0.2,
        0.12,
        0.06,
        0.02
      ],
      "enabled": true
    },
    "game-55": {
      "gameId": "game-55",
      "cost": 50,
      "feePercent": 5,
      "payoutMultipliers": [
        0,
        0.2,
        0.5,
        1,
        2
      ],
      "odds": [
        0.6,
        0.2,
        0.12,
        0.06,
        0.02
      ],
      "enabled": true
    },
    "game-56": {
      "gameId": "game-56",
      "cost": 10,
      "feePercent": 5,
      "payoutMultipliers": [
        0,
        0.2,
        0.5,
        1,
        2
      ],
      "odds": [
        0.6,
        0.2,
        0.12,
        0.06,
        0.02
      ],
      "enabled": true
    },
    "game-57": {
      "gameId": "game-57",
      "cost": 10,
      "feePercent": 5,
      "payoutMultipliers": [
        0,
        0.2,
        0.5,
        1,
        2
      ],
      "odds": [
        0.6,
        0.2,
        0.12,
        0.06,
        0.02
      ],
      "enabled": true
    },
    "game-58": {
      "gameId": "game-58",
      "cost": 25,
      "feePercent": 5,
      "payoutMultipliers": [
        0,
        0.2,
        0.5,
        1,
        2
      ],
      "odds": [
        0.6,
        0.2,
        0.12,
        0.06,
        0.02
      ],
      "enabled": true
    },
    "game-59": {
      "gameId": "game-59",
      "cost": 10,
      "feePercent": 5,
      "payoutMultipliers": [
        0,
        0.2,
        0.5,
        1,
        2
      ],
      "odds": [
        0.6,
        0.2,
        0.12,
        0.06,
        0.02
      ],
      "enabled": true
    },
    "game-60": {
      "gameId": "game-60",
      "cost": 25,
      "feePercent": 5,
      "payoutMultipliers": [
        0,
        0.2,
        0.5,
        1,
        2
      ],
      "odds": [
        0.6,
        0.2,
        0.12,
        0.06,
        0.02
      ],
      "enabled": true
    },
    "game-61": {
      "gameId": "game-61",
      "cost": 5,
      "feePercent": 5,
      "payoutMultipliers": [
        0,
        0.2,
        0.5,
        1,
        2
      ],
      "odds": [
        0.6,
        0.2,
        0.12,
        0.06,
        0.02
      ],
      "enabled": true
    },
    "game-62": {
      "gameId": "game-62",
      "cost": 5,
      "feePercent": 5,
      "payoutMultipliers": [
        0,
        0.2,
        0.5,
        1,
        2
      ],
      "odds": [
        0.6,
        0.2,
        0.12,
        0.06,
        0.02
      ],
      "enabled": true
    },
    "game-63": {
      "gameId": "game-63",
      "cost": 50,
      "feePercent": 5,
      "payoutMultipliers": [
        0,
        0.2,
        0.5,
        1,
        2
      ],
      "odds": [
        0.6,
        0.2,
        0.12,
        0.06,
        0.02
      ],
      "enabled": true
    },
    "game-64": {
      "gameId": "game-64",
      "cost": 25,
      "feePercent": 5,
      "payoutMultipliers": [
        0,
        0.2,
        0.5,
        1,
        2
      ],
      "odds": [
        0.6,
        0.2,
        0.12,
        0.06,
        0.02
      ],
      "enabled": true
    },
    "game-65": {
      "gameId": "game-65",
      "cost": 50,
      "feePercent": 5,
      "payoutMultipliers": [
        0,
        0.2,
        0.5,
        1,
        2
      ],
      "odds": [
        0.6,
        0.2,
        0.12,
        0.06,
        0.02
      ],
      "enabled": true
    },
    "game-66": {
      "gameId": "game-66",
      "cost": 5,
      "feePercent": 5,
      "payoutMultipliers": [
        0,
        0.2,
        0.5,
        1,
        2
      ],
      "odds": [
        0.6,
        0.2,
        0.12,
        0.06,
        0.02
      ],
      "enabled": true
    },
    "game-67": {
      "gameId": "game-67",
      "cost": 20,
      "feePercent": 5,
      "payoutMultipliers": [
        0,
        0.2,
        0.5,
        1,
        2
      ],
      "odds": [
        0.6,
        0.2,
        0.12,
        0.06,
        0.02
      ],
      "enabled": true
    },
    "game-68": {
      "gameId": "game-68",
      "cost": 50,
      "feePercent": 5,
      "payoutMultipliers": [
        0,
        0.2,
        0.5,
        1,
        2
      ],
      "odds": [
        0.6,
        0.2,
        0.12,
        0.06,
        0.02
      ],
      "enabled": true
    },
    "game-69": {
      "gameId": "game-69",
      "cost": 20,
      "feePercent": 5,
      "payoutMultipliers": [
        0,
        0.2,
        0.5,
        1,
        2
      ],
      "odds": [
        0.6,
        0.2,
        0.12,
        0.06,
        0.02
      ],
      "enabled": true
    },
    "game-70": {
      "gameId": "game-70",
      "cost": 20,
      "feePercent": 5,
      "payoutMultipliers": [
        0,
        0.2,
        0.5,
        1,
        2
      ],
      "odds": [
        0.6,
        0.2,
        0.12,
        0.06,
        0.02
      ],
      "enabled": true
    },
    "game-71": {
      "gameId": "game-71",
      "cost": 20,
      "feePercent": 5,
      "payoutMultipliers": [
        0,
        0.2,
        0.5,
        1,
        2
      ],
      "odds": [
        0.6,
        0.2,
        0.12,
        0.06,
        0.02
      ],
      "enabled": true
    },
    "game-72": {
      "gameId": "game-72",
      "cost": 25,
      "feePercent": 5,
      "payoutMultipliers": [
        0,
        0.2,
        0.5,
        1,
        2
      ],
      "odds": [
        0.6,
        0.2,
        0.12,
        0.06,
        0.02
      ],
      "enabled": true
    },
    "game-73": {
      "gameId": "game-73",
      "cost": 20,
      "feePercent": 5,
      "payoutMultipliers": [
        0,
        0.2,
        0.5,
        1,
        2
      ],
      "odds": [
        0.6,
        0.2,
        0.12,
        0.06,
        0.02
      ],
      "enabled": true
    },
    "game-74": {
      "gameId": "game-74",
      "cost": 25,
      "feePercent": 5,
      "payoutMultipliers": [
        0,
        0.2,
        0.5,
        1,
        2
      ],
      "odds": [
        0.6,
        0.2,
        0.12,
        0.06,
        0.02
      ],
      "enabled": true
    },
    "game-75": {
      "gameId": "game-75",
      "cost": 25,
      "feePercent": 5,
      "payoutMultipliers": [
        0,
        0.2,
        0.5,
        1,
        2
      ],
      "odds": [
        0.6,
        0.2,
        0.12,
        0.06,
        0.02
      ],
      "enabled": true
    },
    "game-76": {
      "gameId": "game-76",
      "cost": 10,
      "feePercent": 5,
      "payoutMultipliers": [
        0,
        0.2,
        0.5,
        1,
        2
      ],
      "odds": [
        0.6,
        0.2,
        0.12,
        0.06,
        0.02
      ],
      "enabled": true
    },
    "game-77": {
      "gameId": "game-77",
      "cost": 10,
      "feePercent": 5,
      "payoutMultipliers": [
        0,
        0.2,
        0.5,
        1,
        2
      ],
      "odds": [
        0.6,
        0.2,
        0.12,
        0.06,
        0.02
      ],
      "enabled": true
    },
    "game-78": {
      "gameId": "game-78",
      "cost": 10,
      "feePercent": 5,
      "payoutMultipliers": [
        0,
        0.2,
        0.5,
        1,
        2
      ],
      "odds": [
        0.6,
        0.2,
        0.12,
        0.06,
        0.02
      ],
      "enabled": true
    },
    "game-79": {
      "gameId": "game-79",
      "cost": 10,
      "feePercent": 5,
      "payoutMultipliers": [
        0,
        0.2,
        0.5,
        1,
        2
      ],
      "odds": [
        0.6,
        0.2,
        0.12,
        0.06,
        0.02
      ],
      "enabled": true
    },
    "game-80": {
      "gameId": "game-80",
      "cost": 10,
      "feePercent": 5,
      "payoutMultipliers": [
        0,
        0.2,
        0.5,
        1,
        2
      ],
      "odds": [
        0.6,
        0.2,
        0.12,
        0.06,
        0.02
      ],
      "enabled": true
    },
    "game-81": {
      "gameId": "game-81",
      "cost": 20,
      "feePercent": 5,
      "payoutMultipliers": [
        0,
        0.2,
        0.5,
        1,
        2
      ],
      "odds": [
        0.6,
        0.2,
        0.12,
        0.06,
        0.02
      ],
      "enabled": true
    },
    "game-82": {
      "gameId": "game-82",
      "cost": 5,
      "feePercent": 5,
      "payoutMultipliers": [
        0,
        0.2,
        0.5,
        1,
        2
      ],
      "odds": [
        0.6,
        0.2,
        0.12,
        0.06,
        0.02
      ],
      "enabled": true
    },
    "game-83": {
      "gameId": "game-83",
      "cost": 25,
      "feePercent": 5,
      "payoutMultipliers": [
        0,
        0.2,
        0.5,
        1,
        2
      ],
      "odds": [
        0.6,
        0.2,
        0.12,
        0.06,
        0.02
      ],
      "enabled": true
    },
    "game-84": {
      "gameId": "game-84",
      "cost": 25,
      "feePercent": 5,
      "payoutMultipliers": [
        0,
        0.2,
        0.5,
        1,
        2
      ],
      "odds": [
        0.6,
        0.2,
        0.12,
        0.06,
        0.02
      ],
      "enabled": true
    },
    "game-85": {
      "gameId": "game-85",
      "cost": 10,
      "feePercent": 5,
      "payoutMultipliers": [
        0,
        0.2,
        0.5,
        1,
        2
      ],
      "odds": [
        0.6,
        0.2,
        0.12,
        0.06,
        0.02
      ],
      "enabled": true
    },
    "game-86": {
      "gameId": "game-86",
      "cost": 50,
      "feePercent": 5,
      "payoutMultipliers": [
        0,
        0.2,
        0.5,
        1,
        2
      ],
      "odds": [
        0.6,
        0.2,
        0.12,
        0.06,
        0.02
      ],
      "enabled": true
    },
    "game-87": {
      "gameId": "game-87",
      "cost": 10,
      "feePercent": 5,
      "payoutMultipliers": [
        0,
        0.2,
        0.5,
        1,
        2
      ],
      "odds": [
        0.6,
        0.2,
        0.12,
        0.06,
        0.02
      ],
      "enabled": true
    },
    "game-88": {
      "gameId": "game-88",
      "cost": 20,
      "feePercent": 5,
      "payoutMultipliers": [
        0,
        0.2,
        0.5,
        1,
        2
      ],
      "odds": [
        0.6,
        0.2,
        0.12,
        0.06,
        0.02
      ],
      "enabled": true
    },
    "game-89": {
      "gameId": "game-89",
      "cost": 5,
      "feePercent": 5,
      "payoutMultipliers": [
        0,
        0.2,
        0.5,
        1,
        2
      ],
      "odds": [
        0.6,
        0.2,
        0.12,
        0.06,
        0.02
      ],
      "enabled": true
    },
    "game-90": {
      "gameId": "game-90",
      "cost": 25,
      "feePercent": 5,
      "payoutMultipliers": [
        0,
        0.2,
        0.5,
        1,
        2
      ],
      "odds": [
        0.6,
        0.2,
        0.12,
        0.06,
        0.02
      ],
      "enabled": true
    },
    "game-91": {
      "gameId": "game-91",
      "cost": 5,
      "feePercent": 5,
      "payoutMultipliers": [
        0,
        0.2,
        0.5,
        1,
        2
      ],
      "odds": [
        0.6,
        0.2,
        0.12,
        0.06,
        0.02
      ],
      "enabled": true
    },
    "game-92": {
      "gameId": "game-92",
      "cost": 5,
      "feePercent": 5,
      "payoutMultipliers": [
        0,
        0.2,
        0.5,
        1,
        2
      ],
      "odds": [
        0.6,
        0.2,
        0.12,
        0.06,
        0.02
      ],
      "enabled": true
    },
    "game-93": {
      "gameId": "game-93",
      "cost": 50,
      "feePercent": 5,
      "payoutMultipliers": [
        0,
        0.2,
        0.5,
        1,
        2
      ],
      "odds": [
        0.6,
        0.2,
        0.12,
        0.06,
        0.02
      ],
      "enabled": true
    },
    "game-94": {
      "gameId": "game-94",
      "cost": 10,
      "feePercent": 5,
      "payoutMultipliers": [
        0,
        0.2,
        0.5,
        1,
        2
      ],
      "odds": [
        0.6,
        0.2,
        0.12,
        0.06,
        0.02
      ],
      "enabled": true
    },
    "game-95": {
      "gameId": "game-95",
      "cost": 25,
      "feePercent": 5,
      "payoutMultipliers": [
        0,
        0.2,
        0.5,
        1,
        2
      ],
      "odds": [
        0.6,
        0.2,
        0.12,
        0.06,
        0.02
      ],
      "enabled": true
    },
    "game-96": {
      "gameId": "game-96",
      "cost": 5,
      "feePercent": 5,
      "payoutMultipliers": [
        0,
        0.2,
        0.5,
        1,
        2
      ],
      "odds": [
        0.6,
        0.2,
        0.12,
        0.06,
        0.02
      ],
      "enabled": true
    },
    "game-97": {
      "gameId": "game-97",
      "cost": 50,
      "feePercent": 5,
      "payoutMultipliers": [
        0,
        0.2,
        0.5,
        1,
        2
      ],
      "odds": [
        0.6,
        0.2,
        0.12,
        0.06,
        0.02
      ],
      "enabled": true
    },
    "game-98": {
      "gameId": "game-98",
      "cost": 5,
      "feePercent": 5,
      "payoutMultipliers": [
        0,
        0.2,
        0.5,
        1,
        2
      ],
      "odds": [
        0.6,
        0.2,
        0.12,
        0.06,
        0.02
      ],
      "enabled": true
    },
    "game-99": {
      "gameId": "game-99",
      "cost": 20,
      "feePercent": 5,
      "payoutMultipliers": [
        0,
        0.2,
        0.5,
        1,
        2
      ],
      "odds": [
        0.6,
        0.2,
        0.12,
        0.06,
        0.02
      ],
      "enabled": true
    },
    "game-100": {
      "gameId": "game-100",
      "cost": 10,
      "feePercent": 5,
      "payoutMultipliers": [
        0,
        0.2,
        0.5,
        1,
        2
      ],
      "odds": [
        0.6,
        0.2,
        0.12,
        0.06,
        0.02
      ],
      "enabled": true
    }
  }
}